{
  "properties": {
    "connectionReferences": {
      "shared_commondataserviceforapps": {
        "runtimeSource": "embedded",
        "connection": {
          "connectionReferenceLogicalName": "sp_sharedcommondataserviceforapps_a900b"
        },
        "api": {
          "name": "shared_commondataserviceforapps"
        }
      },
      "shared_excelonlinebusiness": {
        "runtimeSource": "invoker",
        "connection": {
          "connectionReferenceLogicalName": "sp_sharedexcelonlinebusiness_d9da2"
        },
        "api": {
          "name": "shared_excelonlinebusiness"
        }
      }
    },
    "definition": {
      "$schema": "https://schema.management.azure.com/providers/Microsoft.Logic/schemas/2016-06-01/workflowdefinition.json#",
      "contentVersion": "1.0.0.0",
      "parameters": {
        "$connections": {
          "defaultValue": {},
          "type": "Object"
        },
        "$authentication": {
          "defaultValue": {},
          "type": "SecureObject"
        }
      },
      "triggers": {
        "manual": {
          "metadata": {
            "operationMetadataId": "5cc176b9-553b-49a2-8b59-a33f076f1adb"
          },
          "type": "Request",
          "kind": "Button",
          "inputs": {
            "schema": {
              "type": "object",
              "properties": {
                "file": {
                  "title": "Please upload file",
                  "type": "object",
                  "x-ms-dynamically-added": true,
                  "description": "Please select file or image",
                  "x-ms-content-hint": "FILE",
                  "properties": {
                    "name": {
                      "type": "string"
                    },
                    "contentBytes": {
                      "type": "string",
                      "format": "byte"
                    }
                  }
                }
              },
              "required": []
            }
          }
        }
      },
      "actions": {
        "Extract_information_from_documents": {
          "runAfter": {},
          "metadata": {
            "operationMetadataId": "b30aea02-1707-4fed-9d96-40f837d7323d",
            "flowSystemMetadata": {
              "portalOperationId": "aibuilderpredict_formsprocessing",
              "portalOperationGroup": "aibuilder",
              "portalOperationApiDisplayNameOverride": "AI Builder",
              "portalOperationIconOverride": "https://content.powerapps.com/resource/makerx/static/pauto/images/designeroperations/aiBuilderNew.51dbdb6b.png",
              "portalOperationBrandColorOverride": "#0A76C4",
              "portalOperationApiTierOverride": "Standard"
            }
          },
          "type": "OpenApiConnection",
          "inputs": {
            "host": {
              "connectionName": "shared_commondataserviceforapps",
              "operationId": "aibuilderpredict_formsprocessing",
              "apiId": "/providers/Microsoft.PowerApps/apis/shared_commondataserviceforapps"
            },
            "parameters": {
              "recordId": "3ceffb6b-e82b-4f49-8343-32a0bad8b7a1",
              "item/requestv2/mimeType": "application/pdf",
              "item/requestv2/base64Encoded": "@triggerBody()['file']['contentBytes']"
            },
            "authentication": {
              "type": "Raw",
              "value": "@json(decodeBase64(triggerOutputs().headers['X-MS-APIM-Tokens']))['$ConnectionKey']"
            }
          }
        },
        "Add_a_row_into_a_table": {
          "runAfter": {
            "Extract_information_from_documents": [
              "Succeeded"
            ]
          },
          "metadata": {
            "01HXEINCS5SA6N3GFMIZEYFLW5IKQO2NIL": "/Assignment records.xlsx",
            "operationMetadataId": "4cdb16f0-123f-4cd2-bcc6-99e5f60de2aa",
            "tableId": "{1AD63CB6-D369-497E-B5D0-1E86C67ED473}"
          },
          "type": "OpenApiConnection",
          "inputs": {
            "host": {
              "connectionName": "shared_excelonlinebusiness",
              "operationId": "AddRowV2",
              "apiId": "/providers/Microsoft.PowerApps/apis/shared_excelonlinebusiness"
            },
            "parameters": {
              "source": "me",
              "drive": "b!NmSlZHZXeEu9-4bLMhBOaEqJVsci-6hDnijdDo_Jgbo_0LkTtdrHSb4P82NLuGmj",
              "file": "01HXEINCS5SA6N3GFMIZEYFLW5IKQO2NIL",
              "table": "{1AD63CB6-D369-497E-B5D0-1E86C67ED473}",
              "dateTimeFormat": "Serial Number",
              "item/Assignment ID": "@outputs('Extract_information_from_documents')?['body/responsev2/predictionOutput/labels/Assignmee848b4428164832d82b97e39055d6902/value']",
              "item/Course": "@outputs('Extract_information_from_documents')?['body/responsev2/predictionOutput/labels/Course_02c959062d46c29bf9ba312eff1b480cb/value']",
              "item/Duration": "@outputs('Extract_information_from_documents')?['body/responsev2/predictionOutput/labels/Duration/value']"
            },
            "authentication": {
              "type": "Raw",
              "value": "@json(decodeBase64(triggerOutputs().headers['X-MS-APIM-Tokens']))['$ConnectionKey']"
            }
          }
        }
      }
    },
    "templateName": ""
  },
  "schemaVersion": "1.0.0.0"
}