{
  "properties": {
    "connectionReferences": {
      "shared_commondataserviceforapps": {
        "runtimeSource": "embedded",
        "connection": {
          "connectionReferenceLogicalName": "sp_sharedcommondataserviceforapps_a900b"
        },
        "api": {
          "name": "shared_commondataserviceforapps"
        }
      },
      "shared_excelonlinebusiness": {
        "runtimeSource": "embedded",
        "connection": {
          "connectionReferenceLogicalName": "sp_sharedexcelonlinebusiness_d9da2"
        },
        "api": {
          "name": "shared_excelonlinebusiness"
        }
      },
      "shared_office365": {
        "runtimeSource": "embedded",
        "connection": {
          "connectionReferenceLogicalName": "fab_sharedoffice365_9a12b"
        },
        "api": {
          "name": "shared_office365"
        }
      }
    },
    "definition": {
      "$schema": "https://schema.management.azure.com/providers/Microsoft.Logic/schemas/2016-06-01/workflowdefinition.json#",
      "contentVersion": "1.0.0.0",
      "parameters": {
        "$connections": {
          "defaultValue": {},
          "type": "Object"
        },
        "$authentication": {
          "defaultValue": {},
          "type": "SecureObject"
        }
      },
      "triggers": {
        "When_a_new_email_arrives_(V3)": {
          "splitOn": "@triggerOutputs()?['body/value']",
          "metadata": {
            "operationMetadataId": "c4a998e3-6af0-4a60-8573-7ada8380abb1"
          },
          "type": "OpenApiConnectionNotification",
          "inputs": {
            "host": {
              "connectionName": "shared_office365",
              "operationId": "OnNewEmailV3",
              "apiId": "/providers/Microsoft.PowerApps/apis/shared_office365"
            },
            "parameters": {
              "folderPath": "Inbox",
              "includeAttachments": true,
              "subjectFilter": "Assignment",
              "importance": "Any",
              "fetchOnlyWithAttachment": false
            },
            "authentication": "@parameters('$authentication')"
          }
        }
      },
      "actions": {
        "Apply_to_each": {
          "foreach": "@triggerOutputs()?['body/attachments']",
          "actions": {
            "Extract_information_from_documents": {
              "runAfter": {},
              "metadata": {
                "operationMetadataId": "e31f4fa4-d4ca-4617-9319-4114fe2a0896",
                "flowSystemMetadata": {
                  "portalOperationId": "aibuilderpredict_formsprocessing",
                  "portalOperationGroup": "aibuilder",
                  "portalOperationApiDisplayNameOverride": "AI Builder",
                  "portalOperationIconOverride": "https://content.powerapps.com/resource/makerx/static/pauto/images/designeroperations/aiBuilderNew.51dbdb6b.png",
                  "portalOperationBrandColorOverride": "#0A76C4",
                  "portalOperationApiTierOverride": "Standard"
                }
              },
              "type": "OpenApiConnection",
              "inputs": {
                "host": {
                  "connectionName": "shared_commondataserviceforapps",
                  "operationId": "aibuilderpredict_formsprocessing",
                  "apiId": "/providers/Microsoft.PowerApps/apis/shared_commondataserviceforapps"
                },
                "parameters": {
                  "recordId": "3ceffb6b-e82b-4f49-8343-32a0bad8b7a1",
                  "item/requestv2/mimeType": "application/pdf",
                  "item/requestv2/base64Encoded": "@items('Apply_to_each')?['contentBytes']"
                },
                "authentication": "@parameters('$authentication')"
              }
            },
            "Add_a_row_into_a_table": {
              "runAfter": {
                "Extract_information_from_documents": [
                  "Succeeded"
                ]
              },
              "metadata": {
                "01HXEINCS5SA6N3GFMIZEYFLW5IKQO2NIL": "/Assignment records.xlsx",
                "operationMetadataId": "0bf69c31-96cc-495f-abe1-2b448c9cf61e",
                "tableId": "{1AD63CB6-D369-497E-B5D0-1E86C67ED473}"
              },
              "type": "OpenApiConnection",
              "inputs": {
                "host": {
                  "connectionName": "shared_excelonlinebusiness",
                  "operationId": "AddRowV2",
                  "apiId": "/providers/Microsoft.PowerApps/apis/shared_excelonlinebusiness"
                },
                "parameters": {
                  "source": "me",
                  "drive": "b!NmSlZHZXeEu9-4bLMhBOaEqJVsci-6hDnijdDo_Jgbo_0LkTtdrHSb4P82NLuGmj",
                  "file": "01HXEINCS5SA6N3GFMIZEYFLW5IKQO2NIL",
                  "table": "{1AD63CB6-D369-497E-B5D0-1E86C67ED473}",
                  "dateTimeFormat": "Serial Number",
                  "item/Assignment ID": "@outputs('Extract_information_from_documents')?['body/responsev2/predictionOutput/labels/Assignmee848b4428164832d82b97e39055d6902/value']",
                  "item/Course": "@outputs('Extract_information_from_documents')?['body/responsev2/predictionOutput/labels/Course_02c959062d46c29bf9ba312eff1b480cb/value']",
                  "item/Duration": "@outputs('Extract_information_from_documents')?['body/responsev2/predictionOutput/labels/Duration/value']"
                },
                "authentication": "@parameters('$authentication')"
              }
            }
          },
          "runAfter": {},
          "metadata": {
            "operationMetadataId": "7b196ea3-a0a6-4df5-973d-398512201eef"
          },
          "type": "Foreach"
        }
      }
    },
    "templateName": ""
  },
  "schemaVersion": "1.0.0.0"
}