{
  "properties": {
    "connectionReferences": {
      "shared_commondataserviceforapps": {
        "runtimeSource": "embedded",
        "connection": {
          "connectionReferenceLogicalName": "sp_sharedcommondataserviceforapps_a900b"
        },
        "api": {
          "name": "shared_commondataserviceforapps"
        }
      },
      "shared_office365": {
        "runtimeSource": "embedded",
        "connection": {
          "connectionReferenceLogicalName": "fab_sharedoffice365_9a12b"
        },
        "api": {
          "name": "shared_office365"
        }
      }
    },
    "definition": {
      "$schema": "https://schema.management.azure.com/providers/Microsoft.Logic/schemas/2016-06-01/workflowdefinition.json#",
      "contentVersion": "1.0.0.0",
      "parameters": {
        "$connections": {
          "defaultValue": {},
          "type": "Object"
        },
        "$authentication": {
          "defaultValue": {},
          "type": "SecureObject"
        }
      },
      "triggers": {
        "When_a_new_course_is_added": {
          "metadata": {
            "operationMetadataId": "199f4149-f182-4b68-a1fc-a1dbc851e257"
          },
          "type": "OpenApiConnectionWebhook",
          "inputs": {
            "host": {
              "connectionName": "shared_commondataserviceforapps",
              "operationId": "SubscribeWebhookTrigger",
              "apiId": "/providers/Microsoft.PowerApps/apis/shared_commondataserviceforapps"
            },
            "parameters": {
              "subscriptionRequest/message": 1,
              "subscriptionRequest/entityname": "sp_course",
              "subscriptionRequest/scope": 4
            },
            "authentication": "@parameters('$authentication')"
          }
        }
      },
      "actions": {
        "Get_the_Course_Data": {
          "runAfter": {},
          "metadata": {
            "operationMetadataId": "a602e42a-b641-4664-946a-c913357b521d"
          },
          "type": "OpenApiConnection",
          "inputs": {
            "host": {
              "connectionName": "shared_commondataserviceforapps",
              "operationId": "GetItem",
              "apiId": "/providers/Microsoft.PowerApps/apis/shared_commondataserviceforapps"
            },
            "parameters": {
              "entityName": "sp_courses",
              "recordId": "@triggerOutputs()?['body/sp_courseid']"
            },
            "authentication": "@parameters('$authentication')"
          }
        },
        "Send_an_email_(V2)": {
          "runAfter": {
            "Get_the_Course_Data": [
              "Succeeded"
            ]
          },
          "metadata": {
            "operationMetadataId": "447a479e-cc75-425b-8abb-c918ea439cb1"
          },
          "type": "OpenApiConnection",
          "inputs": {
            "host": {
              "connectionName": "shared_office365",
              "operationId": "SendEmailV2",
              "apiId": "/providers/Microsoft.PowerApps/apis/shared_office365"
            },
            "parameters": {
              "emailMessage/To": "admin@M365x61729397.OnMicrosoft.com",
              "emailMessage/Subject": "New course Added",
              "emailMessage/Body": "<p>Hi,<br>\n<br>\nNew Course has been added in the Course list. Below is the details:<br>\nCourse Name: @{outputs('Get_the_Course_Data')?['body/sp_coursename']}<br>\nCourse Duration in Hours: &nbsp;@{outputs('Get_the_Course_Data')?['body/sp_durationinhrs']}<br>\nCourse Fees: @{outputs('Get_the_Course_Data')?['body/sp_totalfees']}</p>",
              "emailMessage/Importance": "Normal"
            },
            "authentication": "@parameters('$authentication')"
          }
        }
      }
    },
    "templateName": ""
  },
  "schemaVersion": "1.0.0.0"
}