{
  "properties": {
    "connectionReferences": {
      "shared_excelonlinebusiness": {
        "runtimeSource": "invoker",
        "connection": {
          "connectionReferenceLogicalName": "sp_sharedexcelonlinebusiness_d9da2"
        },
        "api": {
          "name": "shared_excelonlinebusiness"
        }
      },
      "shared_office365": {
        "runtimeSource": "invoker",
        "connection": {
          "connectionReferenceLogicalName": "fab_sharedoffice365_9a12b"
        },
        "api": {
          "name": "shared_office365"
        }
      }
    },
    "definition": {
      "$schema": "https://schema.management.azure.com/providers/Microsoft.Logic/schemas/2016-06-01/workflowdefinition.json#",
      "contentVersion": "1.0.0.0",
      "parameters": {
        "$connections": {
          "defaultValue": {},
          "type": "Object"
        },
        "$authentication": {
          "defaultValue": {},
          "type": "SecureObject"
        }
      },
      "triggers": {
        "manual": {
          "metadata": {
            "operationMetadataId": "f206b153-328a-4fb3-9abc-8dfb3bf4717b"
          },
          "type": "Request",
          "kind": "PowerApp",
          "inputs": {
            "schema": {
              "type": "object",
              "properties": {
                "Msg_Value": {
                  "type": "string",
                  "description": "Enter initial value",
                  "x-ms-powerflows-param-ispartial": false
                },
                "Email_Value": {
                  "type": "string",
                  "description": "Enter initial value",
                  "x-ms-powerflows-param-ispartial": false
                }
              },
              "required": [
                "Msg_Value",
                "Email_Value"
              ]
            }
          }
        }
      },
      "actions": {
        "Msg": {
          "runAfter": {},
          "metadata": {
            "operationMetadataId": "a1c0e930-a50e-457e-87fc-68cc985f5515"
          },
          "type": "InitializeVariable",
          "inputs": {
            "variables": [
              {
                "name": "msg",
                "type": "string",
                "value": "@triggerBody()['Msg_Value']"
              }
            ]
          }
        },
        "Email": {
          "runAfter": {
            "Msg": [
              "Succeeded"
            ]
          },
          "metadata": {
            "operationMetadataId": "66e00a15-025f-456b-b59a-bfad0cc51fa6"
          },
          "type": "InitializeVariable",
          "inputs": {
            "variables": [
              {
                "name": "email",
                "type": "string",
                "value": "@{triggerBody()['Email_Value']}"
              }
            ]
          }
        },
        "Add_a_reminder_in_excel": {
          "runAfter": {
            "Email": [
              "Succeeded"
            ]
          },
          "metadata": {
            "01HXEINCX5RCAJNYZYAVA3TYMAQULWBMKP": "/reminderData.xlsx",
            "operationMetadataId": "1978c781-5047-4184-b95c-208146d998ac",
            "tableId": "Table1"
          },
          "type": "OpenApiConnection",
          "inputs": {
            "host": {
              "connectionName": "shared_excelonlinebusiness",
              "operationId": "AddRowV2",
              "apiId": "/providers/Microsoft.PowerApps/apis/shared_excelonlinebusiness"
            },
            "parameters": {
              "source": "me",
              "drive": "b!NmSlZHZXeEu9-4bLMhBOaEqJVsci-6hDnijdDo_Jgbo_0LkTtdrHSb4P82NLuGmj",
              "file": "01HXEINCX5RCAJNYZYAVA3TYMAQULWBMKP",
              "table": "Table1",
              "dateTimeFormat": "Serial Number",
              "item/msg": "@variables('msg')",
              "item/email": "@variables('email')"
            },
            "authentication": {
              "type": "Raw",
              "value": "@json(decodeBase64(triggerOutputs().headers['X-MS-APIM-Tokens']))['$ConnectionKey']"
            }
          }
        },
        "Send_an_email_(V2)": {
          "runAfter": {
            "Add_a_reminder_in_excel": [
              "Succeeded"
            ]
          },
          "metadata": {
            "operationMetadataId": "f52fe117-2374-4a57-bdcd-dd4ef481ae07"
          },
          "type": "OpenApiConnection",
          "inputs": {
            "host": {
              "connectionName": "shared_office365",
              "operationId": "SendEmailV2",
              "apiId": "/providers/Microsoft.PowerApps/apis/shared_office365"
            },
            "parameters": {
              "emailMessage/To": "@variables('email')",
              "emailMessage/Subject": "Reminder Msg for you!!",
              "emailMessage/Body": "<p>Hey,<br>\n<br>\nyou have a reminder msg.<br>\nHere is the msg:<br>\n@{outputs('Add_a_reminder_in_excel')?['body/msg']}<br>\n<br>\n<br>\nThanks<br>\nSystem</p>",
              "emailMessage/Importance": "Normal"
            },
            "authentication": {
              "type": "Raw",
              "value": "@json(decodeBase64(triggerOutputs().headers['X-MS-APIM-Tokens']))['$ConnectionKey']"
            }
          }
        }
      }
    },
    "templateName": ""
  },
  "schemaVersion": "1.0.0.0"
}