{
  "namedEntities": [
    {
      "synonyms": [
        "home"
      ],
      "id": "ff0ca6dd-de7a-4bee-b849-16210d63f3c5",
      "displayName": "Home User",
      "updatedTime": "2022-12-08T22:19:24.4887362Z",
      "updatedUserId": "091b3952-8802-46f6-9907-16d98bf9db4e"
    },
    {
      "synonyms": [
        "gaming"
      ],
      "id": "2ccf421b-89a6-43a8-8b4f-b8d8f63b58bf",
      "displayName": "Gamer",
      "updatedTime": "2022-12-08T22:19:24.4887362Z",
      "updatedUserId": "091b3952-8802-46f6-9907-16d98bf9db4e"
    },
    {
      "synonyms": [
        "business"
      ],
      "id": "2d32734c-9552-47c5-963b-563fe1d9ea7e",
      "displayName": "Business User",
      "updatedTime": "2022-12-08T22:19:24.4887362Z",
      "updatedUserId": "091b3952-8802-46f6-9907-16d98bf9db4e"
    }
  ],
  "closedListTypes": [
    {
      "namedEntities": [
        "ff0ca6dd-de7a-4bee-b849-16210d63f3c5",
        "2ccf421b-89a6-43a8-8b4f-b8d8f63b58bf",
        "2d32734c-9552-47c5-963b-563fe1d9ea7e"
      ],
      "smartMatchingEnabled": true,
      "customTypeSchema": "ClosedList",
      "id": "new_customtype_628b6e848f974d4eb72074694588a9f4_f86fcadfd497444e91ed11c12b059d10",
      "displayName": "Usage Type",
      "description": "Lesson 4 Usage Type Entity",
      "createdTime": "2019-10-25T14:03:43.9601778Z",
      "updatedTime": "2022-12-08T22:19:24.4887362Z",
      "createdUserId": "user0",
      "updatedUserId": "091b3952-8802-46f6-9907-16d98bf9db4e"
    }
  ]
}