<ImportExportXml version="9.2.22104.224" SolutionPackageVersion="9.2" languagecode="1033" generatedBy="CrmLive" xmlns:xsi="http://www.w3.org/2001/XMLSchema-instance">
  <SolutionManifest>
    <UniqueName>TrainingAcademy</UniqueName>
    <LocalizedNames>
      <LocalizedName description="Training Academy" languagecode="1033" />
    </LocalizedNames>
    <Descriptions />
    <Version>1.0.0.1</Version>
    <Managed>0</Managed>
    <Publisher>
      <UniqueName>synapsePublisher</UniqueName>
      <LocalizedNames>
        <LocalizedName description="synapse Publisher" languagecode="1033" />
      </LocalizedNames>
      <Descriptions />
      <EMailAddress xsi:nil="true"></EMailAddress>
      <SupportingWebsiteUrl xsi:nil="true"></SupportingWebsiteUrl>
      <CustomizationPrefix>sp</CustomizationPrefix>
      <CustomizationOptionValuePrefix>12653</CustomizationOptionValuePrefix>
      <Addresses>
        <Address>
          <AddressNumber>1</AddressNumber>
          <AddressTypeCode>1</AddressTypeCode>
          <City xsi:nil="true"></City>
          <County xsi:nil="true"></County>
          <Country xsi:nil="true"></Country>
          <Fax xsi:nil="true"></Fax>
          <FreightTermsCode xsi:nil="true"></FreightTermsCode>
          <ImportSequenceNumber xsi:nil="true"></ImportSequenceNumber>
          <Latitude xsi:nil="true"></Latitude>
          <Line1 xsi:nil="true"></Line1>
          <Line2 xsi:nil="true"></Line2>
          <Line3 xsi:nil="true"></Line3>
          <Longitude xsi:nil="true"></Longitude>
          <Name xsi:nil="true"></Name>
          <PostalCode xsi:nil="true"></PostalCode>
          <PostOfficeBox xsi:nil="true"></PostOfficeBox>
          <PrimaryContactName xsi:nil="true"></PrimaryContactName>
          <ShippingMethodCode>1</ShippingMethodCode>
          <StateOrProvince xsi:nil="true"></StateOrProvince>
          <Telephone1 xsi:nil="true"></Telephone1>
          <Telephone2 xsi:nil="true"></Telephone2>
          <Telephone3 xsi:nil="true"></Telephone3>
          <TimeZoneRuleVersionNumber xsi:nil="true"></TimeZoneRuleVersionNumber>
          <UPSZone xsi:nil="true"></UPSZone>
          <UTCOffset xsi:nil="true"></UTCOffset>
          <UTCConversionTimeZoneCode xsi:nil="true"></UTCConversionTimeZoneCode>
        </Address>
        <Address>
          <AddressNumber>2</AddressNumber>
          <AddressTypeCode>1</AddressTypeCode>
          <City xsi:nil="true"></City>
          <County xsi:nil="true"></County>
          <Country xsi:nil="true"></Country>
          <Fax xsi:nil="true"></Fax>
          <FreightTermsCode xsi:nil="true"></FreightTermsCode>
          <ImportSequenceNumber xsi:nil="true"></ImportSequenceNumber>
          <Latitude xsi:nil="true"></Latitude>
          <Line1 xsi:nil="true"></Line1>
          <Line2 xsi:nil="true"></Line2>
          <Line3 xsi:nil="true"></Line3>
          <Longitude xsi:nil="true"></Longitude>
          <Name xsi:nil="true"></Name>
          <PostalCode xsi:nil="true"></PostalCode>
          <PostOfficeBox xsi:nil="true"></PostOfficeBox>
          <PrimaryContactName xsi:nil="true"></PrimaryContactName>
          <ShippingMethodCode>1</ShippingMethodCode>
          <StateOrProvince xsi:nil="true"></StateOrProvince>
          <Telephone1 xsi:nil="true"></Telephone1>
          <Telephone2 xsi:nil="true"></Telephone2>
          <Telephone3 xsi:nil="true"></Telephone3>
          <TimeZoneRuleVersionNumber xsi:nil="true"></TimeZoneRuleVersionNumber>
          <UPSZone xsi:nil="true"></UPSZone>
          <UTCOffset xsi:nil="true"></UTCOffset>
          <UTCConversionTimeZoneCode xsi:nil="true"></UTCConversionTimeZoneCode>
        </Address>
      </Addresses>
    </Publisher>
    <RootComponents>
      <RootComponent type="1" schemaName="sp_batch" behavior="0" />
      <RootComponent type="1" schemaName="sp_course" behavior="0" />
      <RootComponent type="1" schemaName="sp_enquiry" behavior="0" />
      <RootComponent type="1" schemaName="sp_newstudentguide" behavior="1" />
      <RootComponent type="1" schemaName="sp_student" behavior="0" />
      <RootComponent type="29" id="{0517c933-8b75-ed11-81aa-000d3a5c9c18}" behavior="0" />
      <RootComponent type="29" id="{164c24b5-8075-ed11-81aa-000d3a5c9c18}" behavior="0" />
      <RootComponent type="29" id="{1d2fffa4-5876-ed11-81aa-000d3a5c9c18}" behavior="0" />
      <RootComponent type="29" id="{7b8b6ddf-0677-ed11-81aa-000d3a5c9c18}" behavior="0" />
      <RootComponent type="29" id="{c7b24e38-0877-ed11-81aa-000d3a5c9c18}" behavior="0" />
      <RootComponent type="29" id="{e1e74184-4f76-ed11-81aa-000d3a5c9c18}" behavior="0" />
      <RootComponent type="62" schemaName="sp_AcademyApp" behavior="0" />
      <RootComponent type="80" schemaName="sp_AcademyApp" behavior="0" />
      <RootComponent type="300" schemaName="sp_contactcanvasapp_7bbdb" behavior="0" />
      <RootComponent type="300" schemaName="sp_courseapp_421e8" behavior="0" />
      <RootComponent type="300" schemaName="sp_dummycanvasapp_c4138" behavior="0" />
      <RootComponent type="300" schemaName="sp_enquiryapp_ec17a" behavior="0" />
      <RootComponent type="300" schemaName="sp_reminderapp_0e7c0" behavior="0" />
    </RootComponents>
    <MissingDependencies>
      <MissingDependency>
        <Required type="1" schemaName="sp_newstudentguide" displayName="New Student Guide" solution="Active" />
        <Dependent type="1" schemaName="sp_newstudentguide" displayName="New Student Guide" />
      </MissingDependency>
      <MissingDependency>
        <Required type="61" schemaName="msdyn_/Images/AppModule_Default_Icon.png" displayName="msdyn_/Images/AppModule_Default_Icon.png" solution="AppModuleWebResources (2.5)" />
        <Dependent type="80" schemaName="sp_AcademyApp" displayName="Academy App" />
      </MissingDependency>
      <MissingDependency>
        <Required type="connectionreference" displayName="fab_sharedoffice365_9a12b" solution="Active" id.connectionreferencelogicalname="fab_sharedoffice365_9a12b" />
        <Dependent type="29" displayName="Reminder Flow using Power App" id="{1d2fffa4-5876-ed11-81aa-000d3a5c9c18}" />
      </MissingDependency>
      <MissingDependency>
        <Required type="connectionreference" displayName="fab_sharedoffice365_9a12b" solution="Active" id.connectionreferencelogicalname="fab_sharedoffice365_9a12b" />
        <Dependent type="29" displayName="Attachment Processing using AI" id="{c7b24e38-0877-ed11-81aa-000d3a5c9c18}" />
      </MissingDependency>
      <MissingDependency>
        <Required type="connectionreference" displayName="fab_sharedoffice365_9a12b" solution="Active" id.connectionreferencelogicalname="fab_sharedoffice365_9a12b" />
        <Dependent type="29" displayName="Course update Mailer Flow" id="{e1e74184-4f76-ed11-81aa-000d3a5c9c18}" />
      </MissingDependency>
    </MissingDependencies>
  </SolutionManifest>
</ImportExportXml>